"plot","species","value"
"dry_meadow_001","Achillea millefolium",39
"dry_meadow_001","Artemisia vulgaris",1
"dry_meadow_001","Bromus erectus",24
"dry_meadow_001","Chelidonium majus",2
"dry_meadow_001","Festuca ovina",18
"dry_meadow_001","Galium verum",58
"dry_meadow_001","Hedera helix",2
"dry_meadow_001","Leucanthemum vulgare",2
"dry_meadow_001","Phragmites australis",2
"dry_meadow_001","Plantago lanceolata",28
"dry_meadow_001","Poa pratensis",10
"dry_meadow_001","Ranunculus acris",3
"dry_meadow_001","Taraxacum officinale",7
"dry_meadow_001","Thymus serpyllum",14
"dry_meadow_001","Trifolium repens",7
"dry_meadow_002","Ballota nigra",2
"dry_meadow_002","Bromus erectus",34
"dry_meadow_002","Chelidonium majus",1
"dry_meadow_002","Galium verum",53
"dry_meadow_002","Hedera helix",1
"dry_meadow_002","Lotus corniculatus",66
"dry_meadow_002","Plantago lanceolata",14
"dry_meadow_002","Poa pratensis",6
"dry_meadow_002","Rubus caesius",3
"dry_meadow_002","Salvia pratensis",38
"dry_meadow_002","Taraxacum officinale",4
"dry_meadow_002","Thymus serpyllum",9
"dry_meadow_002","Trifolium repens",9
"dry_meadow_003","Achillea millefolium",17
"dry_meadow_003","Betula pendula",1
"dry_meadow_003","Bromus erectus",31
"dry_meadow_003","Festuca ovina",61
"dry_meadow_003","Galium verum",35
"dry_meadow_003","Juncus effusus",3
"dry_meadow_003","Lotus corniculatus",30
"dry_meadow_003","Melica uniflora",3
"dry_meadow_003","Plantago lanceolata",22
"dry_meadow_003","Ranunculus acris",7
"dry_meadow_003","Salvia pratensis",46
"dry_meadow_003","Taraxacum officinale",5
"dry_meadow_003","Thymus serpyllum",55
"dry_meadow_003","Veronica chamaedrys",2
"dry_meadow_004","Bromus erectus",40
"dry_meadow_004","Festuca ovina",55
"dry_meadow_004","Galium verum",53
"dry_meadow_004","Lotus corniculatus",46
"dry_meadow_004","Melica uniflora",2
"dry_meadow_004","Plantago lanceolata",11
"dry_meadow_004","Plantago major",33
"dry_meadow_004","Poa pratensis",16
"dry_meadow_004","Salvia pratensis",56
"dry_meadow_004","Taraxacum officinale",14
"dry_meadow_004","Thymus serpyllum",15
"dry_meadow_004","Trifolium repens",11
"dry_meadow_005","Achillea millefolium",22
"dry_meadow_005","Bromus erectus",43
"dry_meadow_005","Festuca ovina",36
"dry_meadow_005","Galium verum",31
"dry_meadow_005","Leucanthemum vulgare",1
"dry_meadow_005","Lotus corniculatus",22
"dry_meadow_005","Salvia pratensis",29
"dry_meadow_005","Taraxacum officinale",16
"dry_meadow_005","Thymus serpyllum",41
"dry_meadow_005","Trifolium repens",11
"dry_meadow_005","Urtica dioica",5
"dry_meadow_006","Bromus erectus",11
"dry_meadow_006","Chelidonium majus",5
"dry_meadow_006","Dactylis glomerata",2
"dry_meadow_006","Festuca ovina",37
"dry_meadow_006","Galium verum",45
"dry_meadow_006","Plantago lanceolata",20
"dry_meadow_006","Poa pratensis",7
"dry_meadow_006","Ranunculus acris",9
"dry_meadow_006","Salvia pratensis",56
"dry_meadow_006","Taraxacum officinale",18
"dry_meadow_006","Thymus serpyllum",33
"dry_meadow_006","Trifolium repens",9
"dry_meadow_007","Achillea millefolium",55
"dry_meadow_007","Ballota nigra",1
"dry_meadow_007","Bromus erectus",28
"dry_meadow_007","Festuca ovina",40
"dry_meadow_007","Galium verum",20
"dry_meadow_007","Lotus corniculatus",39
"dry_meadow_007","Plantago lanceolata",13
"dry_meadow_007","Plantago major",7
"dry_meadow_007","Poa pratensis",14
"dry_meadow_007","Ranunculus acris",2
"dry_meadow_007","Salvia pratensis",15
"dry_meadow_007","Taraxacum officinale",9
"dry_meadow_007","Thymus serpyllum",34
"dry_meadow_007","Trifolium repens",3
"dry_meadow_007","Veronica chamaedrys",1
"dry_meadow_008","Achillea millefolium",40
"dry_meadow_008","Aegopodium podagraria",2
"dry_meadow_008","Ballota nigra",3
"dry_meadow_008","Festuca ovina",23
"dry_meadow_008","Galium aparine",1
"dry_meadow_008","Galium odoratum",2
"dry_meadow_008","Galium verum",24
"dry_meadow_008","Lotus corniculatus",35
"dry_meadow_008","Plantago lanceolata",29
"dry_meadow_008","Poa pratensis",4
"dry_meadow_008","Rubus caesius",2
"dry_meadow_008","Salvia pratensis",33
"dry_meadow_008","Taraxacum officinale",25
"dry_meadow_008","Thymus serpyllum",48
"dry_meadow_008","Trifolium repens",14
"dry_meadow_008","Urtica dioica",2
"dry_meadow_009","Achillea millefolium",27
"dry_meadow_009","Bromus erectus",25
"dry_meadow_009","Dactylis glomerata",5
"dry_meadow_009","Deschampsia cespitosa",1
"dry_meadow_009","Festuca ovina",14
"dry_meadow_009","Galium verum",26
"dry_meadow_009","Iris pseudacorus",3
"dry_meadow_009","Lotus corniculatus",42
"dry_meadow_009","Ranunculus acris",13
"dry_meadow_009","Salvia pratensis",33
"dry_meadow_009","Thymus serpyllum",46
"dry_meadow_010","Achillea millefolium",18
"dry_meadow_010","Aegopodium podagraria",7
"dry_meadow_010","Bromus erectus",34
"dry_meadow_010","Festuca ovina",32
"dry_meadow_010","Galium verum",17
"dry_meadow_010","Leucanthemum vulgare",3
"dry_meadow_010","Plantago lanceolata",15
"dry_meadow_010","Rubus caesius",1
"dry_meadow_010","Salvia pratensis",29
"dry_meadow_010","Taraxacum officinale",8
"dry_meadow_010","Thymus serpyllum",21
"dry_meadow_010","Urtica dioica",6
"dry_meadow_011","Achillea millefolium",15
"dry_meadow_011","Aegopodium podagraria",1
"dry_meadow_011","Galium verum",11
"dry_meadow_011","Hedera helix",3
"dry_meadow_011","Hypericum perforatum",3
"dry_meadow_011","Lotus corniculatus",64
"dry_meadow_011","Plantago lanceolata",42
"dry_meadow_011","Poa pratensis",11
"dry_meadow_011","Ranunculus acris",3
"dry_meadow_011","Salvia pratensis",40
"dry_meadow_011","Taraxacum officinale",11
"dry_meadow_012","Artemisia vulgaris",1
"dry_meadow_012","Bromus erectus",50
"dry_meadow_012","Chelidonium majus",4
"dry_meadow_012","Deschampsia cespitosa",1
"dry_meadow_012","Festuca ovina",29
"dry_meadow_012","Galium verum",49
"dry_meadow_012","Lotus corniculatus",33
"dry_meadow_012","Plantago lanceolata",25
"dry_meadow_012","Plantago major",9
"dry_meadow_012","Poa pratensis",3
"dry_meadow_012","Ranunculus acris",3
"dry_meadow_012","Salvia pratensis",31
"dry_meadow_012","Thymus serpyllum",32
"dry_meadow_012","Veronica chamaedrys",3
"dry_meadow_013","Bromus erectus",35
"dry_meadow_013","Fagus sylvatica",2
"dry_meadow_013","Festuca ovina",17
"dry_meadow_013","Galium verum",33
"dry_meadow_013","Lotus corniculatus",32
"dry_meadow_013","Pinus sylvestris",5
"dry_meadow_013","Plantago lanceolata",15
"dry_meadow_013","Plantago major",19
"dry_meadow_013","Poa pratensis",27
"dry_meadow_013","Rubus caesius",5
"dry_meadow_013","Salvia pratensis",44
"dry_meadow_013","Thymus serpyllum",10
"dry_meadow_013","Trifolium repens",20
"dry_meadow_014","Achillea millefolium",23
"dry_meadow_014","Bromus erectus",17
"dry_meadow_014","Dactylis glomerata",1
"dry_meadow_014","Festuca ovina",31
"dry_meadow_014","Galium verum",13
"dry_meadow_014","Phragmites australis",2
"dry_meadow_014","Plantago lanceolata",27
"dry_meadow_014","Ranunculus acris",17
"dry_meadow_014","Salvia pratensis",55
"dry_meadow_014","Thymus serpyllum",42
"dry_meadow_015","Aegopodium podagraria",7
"dry_meadow_015","Galium verum",29
"dry_meadow_015","Mentha aquatica",1
"dry_meadow_015","Plantago lanceolata",22
"dry_meadow_015","Rubus caesius",4
"dry_meadow_015","Salvia pratensis",40
"dry_meadow_015","Taraxacum officinale",7
"dry_meadow_015","Thymus serpyllum",17
"dry_meadow_015","Trifolium repens",5
"dry_meadow_016","Achillea millefolium",36
"dry_meadow_016","Ballota nigra",2
"dry_meadow_016","Bromus erectus",16
"dry_meadow_016","Carex acuta",5
"dry_meadow_016","Festuca ovina",23
"dry_meadow_016","Galium verum",26
"dry_meadow_016","Lotus corniculatus",38
"dry_meadow_016","Plantago lanceolata",57
"dry_meadow_016","Poa pratensis",6
"dry_meadow_016","Salvia pratensis",58
"dry_meadow_016","Thymus serpyllum",38
"dry_meadow_017","Achillea millefolium",28
"dry_meadow_017","Ballota nigra",6
"dry_meadow_017","Bromus erectus",29
"dry_meadow_017","Festuca ovina",23
"dry_meadow_017","Galium verum",22
"dry_meadow_017","Leucanthemum vulgare",5
"dry_meadow_017","Lotus corniculatus",40
"dry_meadow_017","Plantago lanceolata",24
"dry_meadow_017","Poa pratensis",23
"dry_meadow_017","Rubus caesius",2
"dry_meadow_017","Salvia pratensis",15
"dry_meadow_017","Sambucus nigra",5
"dry_meadow_017","Taraxacum officinale",15
"dry_meadow_017","Thymus serpyllum",16
"dry_meadow_018","Aegopodium podagraria",1
"dry_meadow_018","Bromus erectus",8
"dry_meadow_018","Festuca ovina",17
"dry_meadow_018","Galium verum",17
"dry_meadow_018","Hedera helix",4
"dry_meadow_018","Lotus corniculatus",44
"dry_meadow_018","Plantago lanceolata",45
"dry_meadow_018","Plantago major",15
"dry_meadow_018","Salvia pratensis",34
"dry_meadow_018","Taraxacum officinale",17
"dry_meadow_018","Thymus serpyllum",16
"dry_meadow_018","Trifolium repens",8
"dry_meadow_019","Carex acuta",2
"dry_meadow_019","Dactylis glomerata",3
"dry_meadow_019","Deschampsia cespitosa",1
"dry_meadow_019","Festuca ovina",26
"dry_meadow_019","Lotus corniculatus",19
"dry_meadow_019","Melica uniflora",1
"dry_meadow_019","Mercurialis perennis",6
"dry_meadow_019","Plantago lanceolata",18
"dry_meadow_019","Poa pratensis",4
"dry_meadow_019","Salvia pratensis",37
"dry_meadow_019","Taraxacum officinale",17
"dry_meadow_020","Bromus erectus",34
"dry_meadow_020","Festuca ovina",57
"dry_meadow_020","Leucanthemum vulgare",7
"dry_meadow_020","Lotus corniculatus",29
"dry_meadow_020","Plantago lanceolata",34
"dry_meadow_020","Poa pratensis",5
"dry_meadow_020","Salvia pratensis",35
"dry_meadow_020","Taraxacum officinale",24
"dry_meadow_020","Thymus serpyllum",22
"dry_meadow_020","Urtica dioica",2
"dry_meadow_021","Achillea millefolium",34
"dry_meadow_021","Aegopodium podagraria",2
"dry_meadow_021","Betula pendula",1
"dry_meadow_021","Bromus erectus",39
"dry_meadow_021","Festuca ovina",38
"dry_meadow_021","Melica uniflora",1
"dry_meadow_021","Salvia pratensis",34
"dry_meadow_021","Thymus serpyllum",27
"dry_meadow_022","Achillea millefolium",12
"dry_meadow_022","Chelidonium majus",3
"dry_meadow_022","Festuca ovina",49
"dry_meadow_022","Hypericum perforatum",1
"dry_meadow_022","Lotus corniculatus",17
"dry_meadow_022","Plantago lanceolata",54
"dry_meadow_022","Salvia pratensis",8
"dry_meadow_022","Thymus serpyllum",19
"dry_meadow_023","Achillea millefolium",32
"dry_meadow_023","Bromus erectus",35
"dry_meadow_023","Festuca ovina",37
"dry_meadow_023","Galium verum",18
"dry_meadow_023","Plantago lanceolata",42
"dry_meadow_023","Plantago major",3
"dry_meadow_023","Rumex acetosa",2
"dry_meadow_023","Salvia pratensis",16
"dry_meadow_023","Taraxacum officinale",17
"dry_meadow_023","Thymus serpyllum",27
"dry_meadow_023","Trifolium repens",6
"dry_meadow_024","Achillea millefolium",28
"dry_meadow_024","Chelidonium majus",1
"dry_meadow_024","Festuca ovina",23
"dry_meadow_024","Galium verum",27
"dry_meadow_024","Lotus corniculatus",47
"dry_meadow_024","Plantago lanceolata",24
"dry_meadow_024","Poa pratensis",4
"dry_meadow_024","Ranunculus acris",9
"dry_meadow_024","Salvia pratensis",20
"dry_meadow_024","Taraxacum officinale",11
"dry_meadow_024","Thymus serpyllum",35
"dry_meadow_024","Trifolium repens",3
"dry_meadow_025","Bromus erectus",21
"dry_meadow_025","Plantago lanceolata",26
"dry_meadow_025","Plantago major",6
"dry_meadow_025","Prunella vulgaris",3
"dry_meadow_025","Rubus caesius",3
"dry_meadow_025","Salvia pratensis",37
"dry_meadow_025","Taraxacum officinale",17
"dry_meadow_025","Thymus serpyllum",10
"dry_meadow_026","Achillea millefolium",20
"dry_meadow_026","Ballota nigra",2
"dry_meadow_026","Bromus erectus",29
"dry_meadow_026","Dactylis glomerata",3
"dry_meadow_026","Festuca ovina",48
"dry_meadow_026","Galium aparine",2
"dry_meadow_026","Lotus corniculatus",39
"dry_meadow_026","Plantago lanceolata",28
"dry_meadow_026","Plantago major",8
"dry_meadow_026","Ranunculus acris",5
"dry_meadow_026","Salvia pratensis",15
"dry_meadow_026","Thymus serpyllum",9
"dry_meadow_027","Achillea millefolium",31
"dry_meadow_027","Bromus erectus",15
"dry_meadow_027","Festuca ovina",35
"dry_meadow_027","Hedera helix",4
"dry_meadow_027","Lotus corniculatus",49
"dry_meadow_027","Plantago lanceolata",39
"dry_meadow_027","Poa pratensis",24
"dry_meadow_027","Ranunculus acris",5
"dry_meadow_027","Salvia pratensis",28
"dry_meadow_027","Thymus serpyllum",15
"dry_meadow_027","Trifolium repens",3
"dry_meadow_028","Achillea millefolium",51
"dry_meadow_028","Ballota nigra",4
"dry_meadow_028","Bromus erectus",19
"dry_meadow_028","Dryopteris filix-mas",3
"dry_meadow_028","Festuca ovina",25
"dry_meadow_028","Galium verum",29
"dry_meadow_028","Lotus corniculatus",43
"dry_meadow_028","Plantago lanceolata",44
"dry_meadow_028","Ranunculus acris",3
"dry_meadow_028","Salvia pratensis",26
"dry_meadow_028","Thymus serpyllum",68
"dry_meadow_028","Veronica chamaedrys",2
"dry_meadow_029","Carex acuta",3
"dry_meadow_029","Chelidonium majus",6
"dry_meadow_029","Festuca ovina",28
"dry_meadow_029","Galium aparine",1
"dry_meadow_029","Galium verum",21
"dry_meadow_029","Lotus corniculatus",32
"dry_meadow_029","Phragmites australis",7
"dry_meadow_029","Plantago lanceolata",10
"dry_meadow_029","Poa pratensis",13
"dry_meadow_029","Salvia pratensis",29
"dry_meadow_030","Achillea millefolium",39
"dry_meadow_030","Bromus erectus",20
"dry_meadow_030","Festuca ovina",7
"dry_meadow_030","Filipendula ulmaria",3
"dry_meadow_030","Lotus corniculatus",43
"dry_meadow_030","Plantago lanceolata",13
"dry_meadow_030","Poa pratensis",15
"dry_meadow_030","Salvia pratensis",35
"dry_meadow_030","Taraxacum officinale",10
"dry_meadow_030","Thymus serpyllum",30
"dry_meadow_030","Trifolium repens",24
"ruderal_edge_001","Achillea millefolium",1
"ruderal_edge_001","Ballota nigra",25
"ruderal_edge_001","Chelidonium majus",42
"ruderal_edge_001","Dactylis glomerata",39
"ruderal_edge_001","Galium aparine",35
"ruderal_edge_001","Galium verum",7
"ruderal_edge_001","Hedera helix",6
"ruderal_edge_001","Melica uniflora",2
"ruderal_edge_001","Plantago lanceolata",4
"ruderal_edge_001","Plantago major",11
"ruderal_edge_001","Poa pratensis",10
"ruderal_edge_001","Taraxacum officinale",14
"ruderal_edge_001","Trifolium repens",2
"ruderal_edge_001","Urtica dioica",45
"ruderal_edge_002","Artemisia vulgaris",36
"ruderal_edge_002","Ballota nigra",34
"ruderal_edge_002","Chelidonium majus",21
"ruderal_edge_002","Dactylis glomerata",46
"ruderal_edge_002","Galium aparine",45
"ruderal_edge_002","Leucanthemum vulgare",3
"ruderal_edge_002","Lychnis flos-cuculi",4
"ruderal_edge_002","Mercurialis perennis",2
"ruderal_edge_002","Plantago lanceolata",2
"ruderal_edge_002","Taraxacum officinale",6
"ruderal_edge_002","Trifolium repens",13
"ruderal_edge_002","Urtica dioica",32
"ruderal_edge_003","Artemisia vulgaris",23
"ruderal_edge_003","Ballota nigra",17
"ruderal_edge_003","Betula pendula",1
"ruderal_edge_003","Caltha palustris",5
"ruderal_edge_003","Chelidonium majus",32
"ruderal_edge_003","Dactylis glomerata",37
"ruderal_edge_003","Galium aparine",10
"ruderal_edge_003","Hypericum perforatum",6
"ruderal_edge_003","Lotus corniculatus",1
"ruderal_edge_003","Plantago major",13
"ruderal_edge_003","Poa pratensis",4
"ruderal_edge_003","Rubus caesius",4
"ruderal_edge_003","Sambucus nigra",37
"ruderal_edge_003","Urtica dioica",41
"ruderal_edge_004","Aegopodium podagraria",31
"ruderal_edge_004","Artemisia vulgaris",12
"ruderal_edge_004","Ballota nigra",12
"ruderal_edge_004","Chelidonium majus",28
"ruderal_edge_004","Dactylis glomerata",23
"ruderal_edge_004","Fagus sylvatica",5
"ruderal_edge_004","Galium aparine",21
"ruderal_edge_004","Iris pseudacorus",1
"ruderal_edge_004","Lotus corniculatus",1
"ruderal_edge_004","Poa pratensis",9
"ruderal_edge_004","Quercus robur",3
"ruderal_edge_004","Rubus caesius",2
"ruderal_edge_004","Sambucus nigra",53
"ruderal_edge_004","Thymus serpyllum",5
"ruderal_edge_004","Trifolium repens",9
"ruderal_edge_004","Urtica dioica",31
"ruderal_edge_005","Aegopodium podagraria",34
"ruderal_edge_005","Artemisia vulgaris",23
"ruderal_edge_005","Ballota nigra",29
"ruderal_edge_005","Betula pendula",8
"ruderal_edge_005","Chelidonium majus",23
"ruderal_edge_005","Dactylis glomerata",35
"ruderal_edge_005","Deschampsia cespitosa",2
"ruderal_edge_005","Lychnis flos-cuculi",2
"ruderal_edge_005","Plantago major",15
"ruderal_edge_005","Ranunculus acris",5
"ruderal_edge_005","Salvia pratensis",5
"ruderal_edge_005","Urtica dioica",51
"ruderal_edge_005","Veronica chamaedrys",1
"ruderal_edge_006","Aegopodium podagraria",14
"ruderal_edge_006","Artemisia vulgaris",25
"ruderal_edge_006","Ballota nigra",24
"ruderal_edge_006","Dactylis glomerata",60
"ruderal_edge_006","Hedera helix",2
"ruderal_edge_006","Plantago major",11
"ruderal_edge_006","Poa pratensis",6
"ruderal_edge_006","Ranunculus acris",8
"ruderal_edge_006","Sambucus nigra",29
"ruderal_edge_006","Urtica dioica",45
"ruderal_edge_007","Aegopodium podagraria",22
"ruderal_edge_007","Artemisia vulgaris",37
"ruderal_edge_007","Ballota nigra",46
"ruderal_edge_007","Chelidonium majus",13
"ruderal_edge_007","Dactylis glomerata",14
"ruderal_edge_007","Galium aparine",39
"ruderal_edge_007","Plantago lanceolata",5
"ruderal_edge_007","Ranunculus acris",10
"ruderal_edge_007","Rumex acetosa",5
"ruderal_edge_007","Sambucus nigra",7
"ruderal_edge_007","Taraxacum officinale",14
"ruderal_edge_007","Thymus serpyllum",5
"ruderal_edge_007","Vicia cracca",3
"ruderal_edge_008","Aegopodium podagraria",15
"ruderal_edge_008","Ballota nigra",21
"ruderal_edge_008","Galium aparine",37
"ruderal_edge_008","Galium verum",3
"ruderal_edge_008","Juncus effusus",6
"ruderal_edge_008","Lotus corniculatus",2
"ruderal_edge_008","Plantago lanceolata",2
"ruderal_edge_008","Plantago major",9
"ruderal_edge_008","Prunella vulgaris",2
"ruderal_edge_008","Ranunculus acris",9
"ruderal_edge_008","Sambucus nigra",21
"ruderal_edge_008","Taraxacum officinale",18
"ruderal_edge_008","Trifolium repens",11
"ruderal_edge_008","Urtica dioica",16
"ruderal_edge_009","Artemisia vulgaris",18
"ruderal_edge_009","Ballota nigra",13
"ruderal_edge_009","Chelidonium majus",16
"ruderal_edge_009","Dactylis glomerata",58
"ruderal_edge_009","Deschampsia cespitosa",3
"ruderal_edge_009","Filipendula ulmaria",4
"ruderal_edge_009","Galium aparine",25
"ruderal_edge_009","Galium verum",1
"ruderal_edge_009","Leucanthemum vulgare",1
"ruderal_edge_009","Plantago major",2
"ruderal_edge_009","Poa pratensis",12
"ruderal_edge_009","Ranunculus acris",3
"ruderal_edge_009","Sambucus nigra",28
"ruderal_edge_009","Taraxacum officinale",1
"ruderal_edge_010","Achillea millefolium",5
"ruderal_edge_010","Artemisia vulgaris",28
"ruderal_edge_010","Ballota nigra",23
"ruderal_edge_010","Chelidonium majus",41
"ruderal_edge_010","Galium aparine",35
"ruderal_edge_010","Galium verum",1
"ruderal_edge_010","Plantago major",17
"ruderal_edge_010","Poa pratensis",15
"ruderal_edge_010","Salvia pratensis",2
"ruderal_edge_010","Sambucus nigra",17
"ruderal_edge_010","Thymus serpyllum",6
"ruderal_edge_010","Urtica dioica",25
"ruderal_edge_011","Aegopodium podagraria",37
"ruderal_edge_011","Ballota nigra",23
"ruderal_edge_011","Betula pendula",2
"ruderal_edge_011","Chelidonium majus",38
"ruderal_edge_011","Dactylis glomerata",13
"ruderal_edge_011","Filipendula ulmaria",2
"ruderal_edge_011","Galium aparine",18
"ruderal_edge_011","Juncus effusus",7
"ruderal_edge_011","Plantago lanceolata",5
"ruderal_edge_011","Plantago major",13
"ruderal_edge_011","Rubus caesius",6
"ruderal_edge_011","Sambucus nigra",47
"ruderal_edge_011","Urtica dioica",21
"ruderal_edge_012","Aegopodium podagraria",14
"ruderal_edge_012","Artemisia vulgaris",16
"ruderal_edge_012","Ballota nigra",25
"ruderal_edge_012","Chelidonium majus",25
"ruderal_edge_012","Festuca ovina",4
"ruderal_edge_012","Filipendula ulmaria",1
"ruderal_edge_012","Galium aparine",13
"ruderal_edge_012","Pinus sylvestris",7
"ruderal_edge_012","Plantago lanceolata",3
"ruderal_edge_012","Salvia pratensis",10
"ruderal_edge_012","Urtica dioica",37
"ruderal_edge_013","Aegopodium podagraria",22
"ruderal_edge_013","Ballota nigra",15
"ruderal_edge_013","Bromus erectus",3
"ruderal_edge_013","Dactylis glomerata",21
"ruderal_edge_013","Deschampsia cespitosa",1
"ruderal_edge_013","Galium aparine",33
"ruderal_edge_013","Galium verum",5
"ruderal_edge_013","Lotus corniculatus",2
"ruderal_edge_013","Salvia pratensis",2
"ruderal_edge_013","Sambucus nigra",32
"ruderal_edge_013","Trifolium repens",18
"ruderal_edge_013","Urtica dioica",36
"ruderal_edge_014","Artemisia vulgaris",36
"ruderal_edge_014","Ballota nigra",43
"ruderal_edge_014","Chelidonium majus",27
"ruderal_edge_014","Festuca ovina",3
"ruderal_edge_014","Filipendula ulmaria",5
"ruderal_edge_014","Galium aparine",47
"ruderal_edge_014","Iris pseudacorus",6
"ruderal_edge_014","Poa pratensis",10
"ruderal_edge_014","Prunella vulgaris",2
"ruderal_edge_014","Ranunculus acris",8
"ruderal_edge_014","Salvia pratensis",3
"ruderal_edge_014","Sambucus nigra",56
"ruderal_edge_014","Trifolium repens",15
"ruderal_edge_015","Aegopodium podagraria",21
"ruderal_edge_015","Ballota nigra",34
"ruderal_edge_015","Chelidonium majus",28
"ruderal_edge_015","Dactylis glomerata",46
"ruderal_edge_015","Galium aparine",17
"ruderal_edge_015","Galium verum",2
"ruderal_edge_015","Hedera helix",1
"ruderal_edge_015","Lychnis flos-cuculi",5
"ruderal_edge_015","Phragmites australis",2
"ruderal_edge_015","Plantago lanceolata",5
"ruderal_edge_015","Poa pratensis",4
"ruderal_edge_015","Taraxacum officinale",6
"ruderal_edge_015","Trifolium repens",13
"ruderal_edge_015","Urtica dioica",35
"ruderal_edge_016","Aegopodium podagraria",16
"ruderal_edge_016","Artemisia vulgaris",9
"ruderal_edge_016","Ballota nigra",39
"ruderal_edge_016","Bromus erectus",5
"ruderal_edge_016","Chelidonium majus",14
"ruderal_edge_016","Dactylis glomerata",41
"ruderal_edge_016","Galium aparine",42
"ruderal_edge_016","Galium verum",3
"ruderal_edge_016","Leucanthemum vulgare",1
"ruderal_edge_016","Melica uniflora",4
"ruderal_edge_016","Plantago major",3
"ruderal_edge_016","Prunella vulgaris",2
"ruderal_edge_016","Ranunculus acris",8
"ruderal_edge_016","Salvia pratensis",4
"ruderal_edge_016","Sambucus nigra",26
"ruderal_edge_016","Taraxacum officinale",17
"ruderal_edge_016","Thymus serpyllum",1
"ruderal_edge_017","Achillea millefolium",1
"ruderal_edge_017","Aegopodium podagraria",53
"ruderal_edge_017","Anemone nemorosa",1
"ruderal_edge_017","Artemisia vulgaris",32
"ruderal_edge_017","Ballota nigra",33
"ruderal_edge_017","Chelidonium majus",24
"ruderal_edge_017","Galium aparine",18
"ruderal_edge_017","Lychnis flos-cuculi",2
"ruderal_edge_017","Plantago major",14
"ruderal_edge_017","Poa pratensis",8
"ruderal_edge_017","Quercus robur",3
"ruderal_edge_017","Ranunculus acris",17
"ruderal_edge_017","Rumex acetosa",6
"ruderal_edge_017","Sambucus nigra",14
"ruderal_edge_018","Aegopodium podagraria",18
"ruderal_edge_018","Artemisia vulgaris",30
"ruderal_edge_018","Ballota nigra",19
"ruderal_edge_018","Betula pendula",1
"ruderal_edge_018","Chelidonium majus",20
"ruderal_edge_018","Dactylis glomerata",14
"ruderal_edge_018","Filipendula ulmaria",3
"ruderal_edge_018","Galium aparine",41
"ruderal_edge_018","Galium verum",1
"ruderal_edge_018","Hedera helix",4
"ruderal_edge_018","Leucanthemum vulgare",4
"ruderal_edge_018","Plantago major",15
"ruderal_edge_018","Salvia pratensis",5
"ruderal_edge_018","Sambucus nigra",36
"ruderal_edge_018","Urtica dioica",12
"ruderal_edge_019","Achillea millefolium",2
"ruderal_edge_019","Aegopodium podagraria",47
"ruderal_edge_019","Artemisia vulgaris",37
"ruderal_edge_019","Ballota nigra",30
"ruderal_edge_019","Chelidonium majus",45
"ruderal_edge_019","Galium aparine",16
"ruderal_edge_019","Lychnis flos-cuculi",5
"ruderal_edge_019","Plantago major",6
"ruderal_edge_019","Poa pratensis",5
"ruderal_edge_019","Quercus robur",6
"ruderal_edge_019","Ranunculus acris",7
"ruderal_edge_019","Sambucus nigra",39
"ruderal_edge_019","Taraxacum officinale",3
"ruderal_edge_019","Trifolium repens",2
"ruderal_edge_019","Urtica dioica",36
"ruderal_edge_020","Aegopodium podagraria",32
"ruderal_edge_020","Ballota nigra",49
"ruderal_edge_020","Betula pendula",5
"ruderal_edge_020","Carex acuta",2
"ruderal_edge_020","Dactylis glomerata",26
"ruderal_edge_020","Festuca ovina",1
"ruderal_edge_020","Galium aparine",23
"ruderal_edge_020","Iris pseudacorus",5
"ruderal_edge_020","Mentha aquatica",3
"ruderal_edge_020","Plantago major",9
"ruderal_edge_020","Sambucus nigra",49
"ruderal_edge_020","Urtica dioica",51
"ruderal_edge_020","Veronica chamaedrys",4
"ruderal_edge_021","Achillea millefolium",2
"ruderal_edge_021","Aegopodium podagraria",37
"ruderal_edge_021","Artemisia vulgaris",36
"ruderal_edge_021","Ballota nigra",43
"ruderal_edge_021","Dactylis glomerata",29
"ruderal_edge_021","Deschampsia cespitosa",5
"ruderal_edge_021","Galium aparine",42
"ruderal_edge_021","Poa pratensis",5
"ruderal_edge_021","Ranunculus acris",3
"ruderal_edge_021","Sambucus nigra",40
"ruderal_edge_021","Thymus serpyllum",3
"ruderal_edge_022","Aegopodium podagraria",68
"ruderal_edge_022","Artemisia vulgaris",13
"ruderal_edge_022","Ballota nigra",34
"ruderal_edge_022","Chelidonium majus",39
"ruderal_edge_022","Dactylis glomerata",21
"ruderal_edge_022","Festuca ovina",2
"ruderal_edge_022","Galium aparine",37
"ruderal_edge_022","Plantago major",5
"ruderal_edge_022","Poa pratensis",18
"ruderal_edge_022","Sambucus nigra",35
"ruderal_edge_022","Urtica dioica",18
"ruderal_edge_023","Aegopodium podagraria",40
"ruderal_edge_023","Artemisia vulgaris",49
"ruderal_edge_023","Ballota nigra",26
"ruderal_edge_023","Dactylis glomerata",32
"ruderal_edge_023","Filipendula ulmaria",3
"ruderal_edge_023","Galium aparine",25
"ruderal_edge_023","Galium verum",1
"ruderal_edge_023","Lotus corniculatus",3
"ruderal_edge_023","Mentha aquatica",6
"ruderal_edge_023","Plantago major",9
"ruderal_edge_023","Ranunculus acris",6
"ruderal_edge_023","Sambucus nigra",23
"ruderal_edge_023","Veronica chamaedrys",4
"ruderal_edge_024","Aegopodium podagraria",16
"ruderal_edge_024","Artemisia vulgaris",40
"ruderal_edge_024","Ballota nigra",48
"ruderal_edge_024","Dactylis glomerata",17
"ruderal_edge_024","Filipendula ulmaria",3
"ruderal_edge_024","Galium aparine",51
"ruderal_edge_024","Leucanthemum vulgare",3
"ruderal_edge_024","Mentha aquatica",2
"ruderal_edge_024","Plantago lanceolata",4
"ruderal_edge_024","Plantago major",26
"ruderal_edge_024","Ranunculus acris",15
"ruderal_edge_024","Rumex acetosa",1
"ruderal_edge_024","Sambucus nigra",45
"ruderal_edge_024","Taraxacum officinale",12
"ruderal_edge_024","Thymus serpyllum",3
"ruderal_edge_024","Urtica dioica",21
"ruderal_edge_025","Achillea millefolium",1
"ruderal_edge_025","Anemone nemorosa",4
"ruderal_edge_025","Ballota nigra",32
"ruderal_edge_025","Dactylis glomerata",9
"ruderal_edge_025","Deschampsia cespitosa",2
"ruderal_edge_025","Dryopteris filix-mas",3
"ruderal_edge_025","Festuca ovina",9
"ruderal_edge_025","Galium aparine",19
"ruderal_edge_025","Hypericum perforatum",2
"ruderal_edge_025","Melica uniflora",2
"ruderal_edge_025","Mercurialis perennis",3
"ruderal_edge_025","Ranunculus acris",6
"ruderal_edge_025","Sambucus nigra",21
"ruderal_edge_025","Taraxacum officinale",9
"ruderal_edge_025","Urtica dioica",15
"ruderal_edge_026","Aegopodium podagraria",32
"ruderal_edge_026","Artemisia vulgaris",39
"ruderal_edge_026","Ballota nigra",33
"ruderal_edge_026","Carex acuta",9
"ruderal_edge_026","Chelidonium majus",18
"ruderal_edge_026","Dactylis glomerata",44
"ruderal_edge_026","Filipendula ulmaria",2
"ruderal_edge_026","Galium aparine",44
"ruderal_edge_026","Hedera helix",2
"ruderal_edge_026","Lychnis flos-cuculi",6
"ruderal_edge_026","Plantago lanceolata",2
"ruderal_edge_026","Poa pratensis",17
"ruderal_edge_026","Sambucus nigra",54
"ruderal_edge_026","Taraxacum officinale",5
"ruderal_edge_026","Thymus serpyllum",3
"ruderal_edge_027","Anemone nemorosa",2
"ruderal_edge_027","Artemisia vulgaris",19
"ruderal_edge_027","Ballota nigra",9
"ruderal_edge_027","Bromus erectus",5
"ruderal_edge_027","Chelidonium majus",24
"ruderal_edge_027","Dactylis glomerata",38
"ruderal_edge_027","Galium aparine",40
"ruderal_edge_027","Melica uniflora",7
"ruderal_edge_027","Quercus robur",3
"ruderal_edge_027","Ranunculus acris",8
"ruderal_edge_027","Rumex acetosa",2
"ruderal_edge_027","Sambucus nigra",11
"ruderal_edge_027","Thymus serpyllum",2
"ruderal_edge_027","Urtica dioica",24
"ruderal_edge_028","Aegopodium podagraria",33
"ruderal_edge_028","Artemisia vulgaris",13
"ruderal_edge_028","Ballota nigra",51
"ruderal_edge_028","Bromus erectus",2
"ruderal_edge_028","Chelidonium majus",48
"ruderal_edge_028","Dactylis glomerata",30
"ruderal_edge_028","Deschampsia cespitosa",5
"ruderal_edge_028","Galium aparine",35
"ruderal_edge_028","Sambucus nigra",20
"ruderal_edge_028","Taraxacum officinale",18
"ruderal_edge_028","Urtica dioica",46
"ruderal_edge_029","Achillea millefolium",2
"ruderal_edge_029","Artemisia vulgaris",21
"ruderal_edge_029","Ballota nigra",27
"ruderal_edge_029","Carex acuta",2
"ruderal_edge_029","Chelidonium majus",28
"ruderal_edge_029","Dactylis glomerata",41
"ruderal_edge_029","Deschampsia cespitosa",2
"ruderal_edge_029","Galium aparine",36
"ruderal_edge_029","Galium verum",6
"ruderal_edge_029","Juncus effusus",5
"ruderal_edge_029","Quercus robur",3
"ruderal_edge_029","Ranunculus acris",11
"ruderal_edge_029","Rubus caesius",1
"ruderal_edge_029","Sambucus nigra",16
"ruderal_edge_029","Taraxacum officinale",16
"ruderal_edge_029","Urtica dioica",54
"ruderal_edge_030","Ballota nigra",37
"ruderal_edge_030","Galium aparine",46
"ruderal_edge_030","Mentha aquatica",2
"ruderal_edge_030","Phragmites australis",3
"ruderal_edge_030","Plantago lanceolata",5
"ruderal_edge_030","Plantago major",15
"ruderal_edge_030","Poa pratensis",14
"ruderal_edge_030","Salvia pratensis",3
"ruderal_edge_030","Sambucus nigra",46
"ruderal_edge_030","Urtica dioica",57
"transition_dry_meadow_ruderal_edge_001","Achillea millefolium",18
"transition_dry_meadow_ruderal_edge_001","Anemone nemorosa",7
"transition_dry_meadow_ruderal_edge_001","Artemisia vulgaris",15
"transition_dry_meadow_ruderal_edge_001","Ballota nigra",3
"transition_dry_meadow_ruderal_edge_001","Bromus erectus",7
"transition_dry_meadow_ruderal_edge_001","Chelidonium majus",7
"transition_dry_meadow_ruderal_edge_001","Dactylis glomerata",13
"transition_dry_meadow_ruderal_edge_001","Festuca ovina",4
"transition_dry_meadow_ruderal_edge_001","Galium aparine",6
"transition_dry_meadow_ruderal_edge_001","Galium verum",10
"transition_dry_meadow_ruderal_edge_001","Lotus corniculatus",14
"transition_dry_meadow_ruderal_edge_001","Phragmites australis",4
"transition_dry_meadow_ruderal_edge_001","Pinus sylvestris",1
"transition_dry_meadow_ruderal_edge_001","Plantago lanceolata",13
"transition_dry_meadow_ruderal_edge_001","Poa pratensis",13
"transition_dry_meadow_ruderal_edge_001","Salvia pratensis",23
"transition_dry_meadow_ruderal_edge_001","Thymus serpyllum",22
"transition_dry_meadow_ruderal_edge_001","Trifolium repens",8
"transition_dry_meadow_ruderal_edge_002","Aegopodium podagraria",9
"transition_dry_meadow_ruderal_edge_002","Anemone nemorosa",1
"transition_dry_meadow_ruderal_edge_002","Artemisia vulgaris",10
"transition_dry_meadow_ruderal_edge_002","Chelidonium majus",9
"transition_dry_meadow_ruderal_edge_002","Festuca ovina",12
"transition_dry_meadow_ruderal_edge_002","Galium verum",15
"transition_dry_meadow_ruderal_edge_002","Iris pseudacorus",3
"transition_dry_meadow_ruderal_edge_002","Lotus corniculatus",15
"transition_dry_meadow_ruderal_edge_002","Phragmites australis",3
"transition_dry_meadow_ruderal_edge_002","Plantago lanceolata",14
"transition_dry_meadow_ruderal_edge_002","Ranunculus acris",15
"transition_dry_meadow_ruderal_edge_002","Salvia pratensis",6
"transition_dry_meadow_ruderal_edge_002","Taraxacum officinale",11
"transition_dry_meadow_ruderal_edge_002","Urtica dioica",6
"transition_dry_meadow_ruderal_edge_003","Artemisia vulgaris",3
"transition_dry_meadow_ruderal_edge_003","Ballota nigra",14
"transition_dry_meadow_ruderal_edge_003","Bromus erectus",16
"transition_dry_meadow_ruderal_edge_003","Dactylis glomerata",7
"transition_dry_meadow_ruderal_edge_003","Poa pratensis",11
"transition_dry_meadow_ruderal_edge_003","Trifolium repens",8
"transition_dry_meadow_ruderal_edge_003","Urtica dioica",13
"transition_dry_meadow_ruderal_edge_004","Bromus erectus",8
"transition_dry_meadow_ruderal_edge_004","Carex acuta",2
"transition_dry_meadow_ruderal_edge_004","Chelidonium majus",17
"transition_dry_meadow_ruderal_edge_004","Dactylis glomerata",16
"transition_dry_meadow_ruderal_edge_004","Deschampsia cespitosa",3
"transition_dry_meadow_ruderal_edge_004","Galium aparine",16
"transition_dry_meadow_ruderal_edge_004","Lotus corniculatus",13
"transition_dry_meadow_ruderal_edge_004","Salvia pratensis",13
"transition_dry_meadow_ruderal_edge_004","Thymus serpyllum",18
"transition_dry_meadow_ruderal_edge_004","Trifolium repens",4
"transition_dry_meadow_wet_meadow_001","Bromus erectus",5
"transition_dry_meadow_wet_meadow_001","Carex acuta",19
"transition_dry_meadow_wet_meadow_001","Deschampsia cespitosa",6
"transition_dry_meadow_wet_meadow_001","Festuca ovina",15
"transition_dry_meadow_wet_meadow_001","Hedera helix",2
"transition_dry_meadow_wet_meadow_001","Lotus corniculatus",14
"transition_dry_meadow_wet_meadow_001","Mentha aquatica",8
"transition_dry_meadow_wet_meadow_001","Phragmites australis",4
"transition_dry_meadow_wet_meadow_001","Taraxacum officinale",2
"transition_dry_meadow_wet_meadow_001","Thymus serpyllum",7
"transition_dry_meadow_wet_meadow_002","Bromus erectus",21
"transition_dry_meadow_wet_meadow_002","Caltha palustris",16
"transition_dry_meadow_wet_meadow_002","Carex acuta",13
"transition_dry_meadow_wet_meadow_002","Chelidonium majus",2
"transition_dry_meadow_wet_meadow_002","Festuca ovina",13
"transition_dry_meadow_wet_meadow_002","Galium aparine",2
"transition_dry_meadow_wet_meadow_002","Galium verum",15
"transition_dry_meadow_wet_meadow_002","Iris pseudacorus",16
"transition_dry_meadow_wet_meadow_002","Lychnis flos-cuculi",14
"transition_dry_meadow_wet_meadow_002","Plantago lanceolata",11
"transition_dry_meadow_wet_meadow_002","Poa pratensis",4
"transition_dry_meadow_wet_meadow_002","Salvia pratensis",10
"transition_dry_meadow_wet_meadow_002","Taraxacum officinale",8
"transition_dry_meadow_wet_meadow_002","Vicia cracca",2
"transition_dry_meadow_wet_meadow_003","Achillea millefolium",20
"transition_dry_meadow_wet_meadow_003","Carex acuta",12
"transition_dry_meadow_wet_meadow_003","Festuca ovina",25
"transition_dry_meadow_wet_meadow_003","Galium odoratum",1
"transition_dry_meadow_wet_meadow_003","Iris pseudacorus",21
"transition_dry_meadow_wet_meadow_003","Juncus effusus",21
"transition_dry_meadow_wet_meadow_003","Lotus corniculatus",8
"transition_dry_meadow_wet_meadow_003","Plantago lanceolata",16
"transition_dry_meadow_wet_meadow_003","Poa pratensis",14
"transition_dry_meadow_wet_meadow_003","Ranunculus acris",12
"transition_dry_meadow_wet_meadow_003","Rumex acetosa",2
"transition_dry_meadow_wet_meadow_003","Salvia pratensis",13
"transition_dry_meadow_wet_meadow_004","Ballota nigra",2
"transition_dry_meadow_wet_meadow_004","Bromus erectus",4
"transition_dry_meadow_wet_meadow_004","Carex acuta",9
"transition_dry_meadow_wet_meadow_004","Hedera helix",1
"transition_dry_meadow_wet_meadow_004","Iris pseudacorus",7
"transition_dry_meadow_wet_meadow_004","Juncus effusus",3
"transition_dry_meadow_wet_meadow_004","Lotus corniculatus",16
"transition_dry_meadow_wet_meadow_004","Mentha aquatica",15
"transition_dry_meadow_wet_meadow_004","Plantago major",18
"transition_dry_meadow_wet_meadow_004","Ranunculus acris",10
"transition_dry_meadow_wet_meadow_004","Salvia pratensis",3
"transition_dry_meadow_wet_meadow_004","Taraxacum officinale",4
"transition_wet_meadow_woodland_001","Carex acuta",3
"transition_wet_meadow_woodland_001","Chelidonium majus",2
"transition_wet_meadow_woodland_001","Deschampsia cespitosa",6
"transition_wet_meadow_woodland_001","Dryopteris filix-mas",10
"transition_wet_meadow_woodland_001","Filipendula ulmaria",8
"transition_wet_meadow_woodland_001","Galium odoratum",2
"transition_wet_meadow_woodland_001","Juncus effusus",4
"transition_wet_meadow_woodland_001","Mentha aquatica",3
"transition_wet_meadow_woodland_001","Mercurialis perennis",28
"transition_wet_meadow_woodland_001","Pinus sylvestris",2
"transition_wet_meadow_woodland_001","Plantago major",29
"transition_wet_meadow_woodland_001","Taraxacum officinale",6
"transition_wet_meadow_woodland_002","Anemone nemorosa",13
"transition_wet_meadow_woodland_002","Caltha palustris",14
"transition_wet_meadow_woodland_002","Carex acuta",4
"transition_wet_meadow_woodland_002","Dryopteris filix-mas",13
"transition_wet_meadow_woodland_002","Filipendula ulmaria",22
"transition_wet_meadow_woodland_002","Galium odoratum",9
"transition_wet_meadow_woodland_002","Hedera helix",9
"transition_wet_meadow_woodland_002","Iris pseudacorus",12
"transition_wet_meadow_woodland_002","Juncus effusus",8
"transition_wet_meadow_woodland_002","Lychnis flos-cuculi",10
"transition_wet_meadow_woodland_002","Melica uniflora",14
"transition_wet_meadow_woodland_002","Mentha aquatica",14
"transition_wet_meadow_woodland_002","Mercurialis perennis",2
"transition_wet_meadow_woodland_002","Plantago major",9
"transition_wet_meadow_woodland_002","Poa pratensis",14
"transition_wet_meadow_woodland_002","Ranunculus acris",2
"transition_wet_meadow_woodland_002","Trifolium repens",9
"transition_wet_meadow_woodland_002","Urtica dioica",3
"transition_wet_meadow_woodland_003","Artemisia vulgaris",3
"transition_wet_meadow_woodland_003","Dryopteris filix-mas",11
"transition_wet_meadow_woodland_003","Iris pseudacorus",3
"transition_wet_meadow_woodland_003","Lychnis flos-cuculi",8
"transition_wet_meadow_woodland_003","Mercurialis perennis",14
"transition_wet_meadow_woodland_003","Plantago major",5
"transition_wet_meadow_woodland_003","Poa pratensis",16
"transition_wet_meadow_woodland_003","Prunella vulgaris",2
"transition_wet_meadow_woodland_003","Quercus robur",11
"transition_wet_meadow_woodland_003","Sambucus nigra",3
"transition_wet_meadow_woodland_003","Taraxacum officinale",17
"transition_wet_meadow_woodland_003","Thymus serpyllum",3
"transition_wet_meadow_woodland_003","Trifolium repens",3
"transition_wet_meadow_woodland_004","Caltha palustris",12
"transition_wet_meadow_woodland_004","Dactylis glomerata",5
"transition_wet_meadow_woodland_004","Dryopteris filix-mas",5
"transition_wet_meadow_woodland_004","Galium odoratum",12
"transition_wet_meadow_woodland_004","Galium verum",3
"transition_wet_meadow_woodland_004","Hedera helix",6
"transition_wet_meadow_woodland_004","Iris pseudacorus",10
"transition_wet_meadow_woodland_004","Juncus effusus",12
"transition_wet_meadow_woodland_004","Lychnis flos-cuculi",13
"transition_wet_meadow_woodland_004","Melica uniflora",14
"transition_wet_meadow_woodland_004","Mercurialis perennis",5
"transition_wet_meadow_woodland_004","Ranunculus acris",24
"transition_wet_meadow_woodland_004","Taraxacum officinale",3
"transition_woodland_ruderal_edge_001","Achillea millefolium",4
"transition_woodland_ruderal_edge_001","Aegopodium podagraria",26
"transition_woodland_ruderal_edge_001","Anemone nemorosa",13
"transition_woodland_ruderal_edge_001","Ballota nigra",3
"transition_woodland_ruderal_edge_001","Dactylis glomerata",3
"transition_woodland_ruderal_edge_001","Fagus sylvatica",4
"transition_woodland_ruderal_edge_001","Festuca ovina",3
"transition_woodland_ruderal_edge_001","Galium aparine",7
"transition_woodland_ruderal_edge_001","Galium odoratum",9
"transition_woodland_ruderal_edge_001","Hedera helix",14
"transition_woodland_ruderal_edge_001","Iris pseudacorus",4
"transition_woodland_ruderal_edge_001","Melica uniflora",17
"transition_woodland_ruderal_edge_001","Plantago major",5
"transition_woodland_ruderal_edge_001","Poa pratensis",8
"transition_woodland_ruderal_edge_001","Quercus robur",13
"transition_woodland_ruderal_edge_001","Sambucus nigra",13
"transition_woodland_ruderal_edge_001","Trifolium repens",9
"transition_woodland_ruderal_edge_001","Urtica dioica",7
"transition_woodland_ruderal_edge_002","Aegopodium podagraria",8
"transition_woodland_ruderal_edge_002","Anemone nemorosa",6
"transition_woodland_ruderal_edge_002","Artemisia vulgaris",10
"transition_woodland_ruderal_edge_002","Dactylis glomerata",10
"transition_woodland_ruderal_edge_002","Dryopteris filix-mas",11
"transition_woodland_ruderal_edge_002","Galium odoratum",16
"transition_woodland_ruderal_edge_002","Hedera helix",15
"transition_woodland_ruderal_edge_002","Leucanthemum vulgare",4
"transition_woodland_ruderal_edge_002","Melica uniflora",20
"transition_woodland_ruderal_edge_002","Poa pratensis",19
"transition_woodland_ruderal_edge_002","Salvia pratensis",5
"transition_woodland_ruderal_edge_002","Sambucus nigra",13
"transition_woodland_ruderal_edge_003","Aegopodium podagraria",6
"transition_woodland_ruderal_edge_003","Anemone nemorosa",25
"transition_woodland_ruderal_edge_003","Artemisia vulgaris",17
"transition_woodland_ruderal_edge_003","Ballota nigra",2
"transition_woodland_ruderal_edge_003","Dryopteris filix-mas",11
"transition_woodland_ruderal_edge_003","Fagus sylvatica",6
"transition_woodland_ruderal_edge_003","Galium aparine",11
"transition_woodland_ruderal_edge_003","Galium verum",4
"transition_woodland_ruderal_edge_003","Mercurialis perennis",14
"transition_woodland_ruderal_edge_003","Plantago major",13
"transition_woodland_ruderal_edge_003","Ranunculus acris",18
"transition_woodland_ruderal_edge_003","Salvia pratensis",7
"transition_woodland_ruderal_edge_003","Sambucus nigra",10
"transition_woodland_ruderal_edge_003","Trifolium repens",7
"transition_woodland_ruderal_edge_004","Aegopodium podagraria",2
"transition_woodland_ruderal_edge_004","Fagus sylvatica",11
"transition_woodland_ruderal_edge_004","Festuca ovina",4
"transition_woodland_ruderal_edge_004","Galium aparine",12
"transition_woodland_ruderal_edge_004","Galium odoratum",9
"transition_woodland_ruderal_edge_004","Juncus effusus",5
"transition_woodland_ruderal_edge_004","Mentha aquatica",7
"transition_woodland_ruderal_edge_004","Mercurialis perennis",4
"transition_woodland_ruderal_edge_004","Poa pratensis",10
"transition_woodland_ruderal_edge_004","Quercus robur",5
"transition_woodland_ruderal_edge_004","Ranunculus acris",5
"transition_woodland_ruderal_edge_004","Sambucus nigra",3
"transition_woodland_ruderal_edge_004","Trifolium repens",4
"wet_meadow_001","Aegopodium podagraria",3
"wet_meadow_001","Caltha palustris",20
"wet_meadow_001","Carex acuta",37
"wet_meadow_001","Deschampsia cespitosa",24
"wet_meadow_001","Galium aparine",1
"wet_meadow_001","Galium odoratum",3
"wet_meadow_001","Iris pseudacorus",35
"wet_meadow_001","Lychnis flos-cuculi",10
"wet_meadow_001","Mentha aquatica",37
"wet_meadow_001","Plantago major",5
"wet_meadow_001","Poa pratensis",13
"wet_meadow_001","Rumex acetosa",4
"wet_meadow_001","Trifolium repens",1
"wet_meadow_002","Caltha palustris",16
"wet_meadow_002","Carex acuta",44
"wet_meadow_002","Deschampsia cespitosa",41
"wet_meadow_002","Festuca ovina",3
"wet_meadow_002","Filipendula ulmaria",22
"wet_meadow_002","Iris pseudacorus",30
"wet_meadow_002","Lychnis flos-cuculi",51
"wet_meadow_002","Poa pratensis",10
"wet_meadow_002","Salvia pratensis",3
"wet_meadow_002","Taraxacum officinale",11
"wet_meadow_002","Trifolium repens",9
"wet_meadow_003","Caltha palustris",29
"wet_meadow_003","Carex acuta",12
"wet_meadow_003","Deschampsia cespitosa",34
"wet_meadow_003","Festuca ovina",2
"wet_meadow_003","Filipendula ulmaria",16
"wet_meadow_003","Juncus effusus",27
"wet_meadow_003","Lychnis flos-cuculi",36
"wet_meadow_003","Mentha aquatica",59
"wet_meadow_003","Rumex acetosa",1
"wet_meadow_003","Sambucus nigra",5
"wet_meadow_003","Taraxacum officinale",4
"wet_meadow_003","Trifolium repens",17
"wet_meadow_004","Caltha palustris",12
"wet_meadow_004","Carex acuta",35
"wet_meadow_004","Deschampsia cespitosa",37
"wet_meadow_004","Iris pseudacorus",28
"wet_meadow_004","Juncus effusus",32
"wet_meadow_004","Mentha aquatica",33
"wet_meadow_004","Poa pratensis",11
"wet_meadow_004","Ranunculus acris",14
"wet_meadow_004","Trifolium repens",14
"wet_meadow_004","Veronica chamaedrys",2
"wet_meadow_005","Anemone nemorosa",7
"wet_meadow_005","Caltha palustris",17
"wet_meadow_005","Deschampsia cespitosa",34
"wet_meadow_005","Iris pseudacorus",57
"wet_meadow_005","Leucanthemum vulgare",3
"wet_meadow_005","Lychnis flos-cuculi",14
"wet_meadow_005","Melica uniflora",4
"wet_meadow_005","Mentha aquatica",53
"wet_meadow_005","Pinus sylvestris",2
"wet_meadow_005","Poa pratensis",11
"wet_meadow_005","Ranunculus acris",7
"wet_meadow_005","Trifolium repens",21
"wet_meadow_006","Caltha palustris",49
"wet_meadow_006","Carex acuta",48
"wet_meadow_006","Deschampsia cespitosa",7
"wet_meadow_006","Filipendula ulmaria",19
"wet_meadow_006","Iris pseudacorus",34
"wet_meadow_006","Juncus effusus",46
"wet_meadow_006","Leucanthemum vulgare",3
"wet_meadow_006","Mentha aquatica",32
"wet_meadow_006","Veronica chamaedrys",3
"wet_meadow_007","Anemone nemorosa",1
"wet_meadow_007","Caltha palustris",35
"wet_meadow_007","Carex acuta",17
"wet_meadow_007","Filipendula ulmaria",11
"wet_meadow_007","Lychnis flos-cuculi",32
"wet_meadow_007","Mentha aquatica",35
"wet_meadow_007","Plantago major",22
"wet_meadow_007","Poa pratensis",5
"wet_meadow_007","Ranunculus acris",10
"wet_meadow_007","Taraxacum officinale",3
"wet_meadow_007","Trifolium repens",12
"wet_meadow_007","Urtica dioica",6
"wet_meadow_007","Veronica chamaedrys",5
"wet_meadow_008","Caltha palustris",59
"wet_meadow_008","Fagus sylvatica",2
"wet_meadow_008","Hypericum perforatum",2
"wet_meadow_008","Iris pseudacorus",48
"wet_meadow_008","Leucanthemum vulgare",1
"wet_meadow_008","Lychnis flos-cuculi",42
"wet_meadow_008","Melica uniflora",4
"wet_meadow_008","Taraxacum officinale",3
"wet_meadow_008","Trifolium repens",22
"wet_meadow_009","Artemisia vulgaris",3
"wet_meadow_009","Caltha palustris",43
"wet_meadow_009","Carex acuta",49
"wet_meadow_009","Deschampsia cespitosa",33
"wet_meadow_009","Filipendula ulmaria",20
"wet_meadow_009","Hypericum perforatum",5
"wet_meadow_009","Iris pseudacorus",23
"wet_meadow_009","Juncus effusus",16
"wet_meadow_009","Leucanthemum vulgare",3
"wet_meadow_009","Lychnis flos-cuculi",19
"wet_meadow_009","Mentha aquatica",43
"wet_meadow_009","Plantago lanceolata",3
"wet_meadow_009","Quercus robur",2
"wet_meadow_009","Ranunculus acris",4
"wet_meadow_009","Veronica chamaedrys",2
"wet_meadow_010","Caltha palustris",44
"wet_meadow_010","Carex acuta",44
"wet_meadow_010","Deschampsia cespitosa",25
"wet_meadow_010","Filipendula ulmaria",40
"wet_meadow_010","Iris pseudacorus",44
"wet_meadow_010","Lychnis flos-cuculi",45
"wet_meadow_010","Mentha aquatica",29
"wet_meadow_010","Taraxacum officinale",5
"wet_meadow_010","Trifolium repens",9
"wet_meadow_011","Caltha palustris",40
"wet_meadow_011","Deschampsia cespitosa",25
"wet_meadow_011","Festuca ovina",2
"wet_meadow_011","Filipendula ulmaria",44
"wet_meadow_011","Galium verum",2
"wet_meadow_011","Iris pseudacorus",50
"wet_meadow_011","Juncus effusus",38
"wet_meadow_011","Leucanthemum vulgare",7
"wet_meadow_011","Lychnis flos-cuculi",32
"wet_meadow_011","Mentha aquatica",7
"wet_meadow_011","Phragmites australis",2
"wet_meadow_011","Plantago lanceolata",2
"wet_meadow_011","Quercus robur",7
"wet_meadow_011","Trifolium repens",16
"wet_meadow_012","Caltha palustris",33
"wet_meadow_012","Carex acuta",20
"wet_meadow_012","Chelidonium majus",2
"wet_meadow_012","Filipendula ulmaria",9
"wet_meadow_012","Galium verum",3
"wet_meadow_012","Juncus effusus",42
"wet_meadow_012","Mentha aquatica",29
"wet_meadow_012","Plantago major",5
"wet_meadow_012","Poa pratensis",14
"wet_meadow_012","Trifolium repens",9
"wet_meadow_013","Caltha palustris",24
"wet_meadow_013","Deschampsia cespitosa",17
"wet_meadow_013","Filipendula ulmaria",38
"wet_meadow_013","Iris pseudacorus",19
"wet_meadow_013","Juncus effusus",26
"wet_meadow_013","Lychnis flos-cuculi",49
"wet_meadow_013","Mentha aquatica",14
"wet_meadow_013","Trifolium repens",21
"wet_meadow_014","Caltha palustris",44
"wet_meadow_014","Deschampsia cespitosa",13
"wet_meadow_014","Filipendula ulmaria",48
"wet_meadow_014","Galium verum",1
"wet_meadow_014","Iris pseudacorus",42
"wet_meadow_014","Leucanthemum vulgare",2
"wet_meadow_014","Lychnis flos-cuculi",27
"wet_meadow_014","Phragmites australis",3
"wet_meadow_014","Plantago major",5
"wet_meadow_014","Rumex acetosa",2
"wet_meadow_014","Thymus serpyllum",2
"wet_meadow_014","Trifolium repens",5
"wet_meadow_014","Veronica chamaedrys",4
"wet_meadow_015","Caltha palustris",33
"wet_meadow_015","Filipendula ulmaria",15
"wet_meadow_015","Iris pseudacorus",8
"wet_meadow_015","Juncus effusus",10
"wet_meadow_015","Lychnis flos-cuculi",37
"wet_meadow_015","Mentha aquatica",32
"wet_meadow_015","Plantago lanceolata",2
"wet_meadow_015","Poa pratensis",15
"wet_meadow_015","Prunella vulgaris",4
"wet_meadow_015","Ranunculus acris",3
"wet_meadow_015","Veronica chamaedrys",8
"wet_meadow_016","Betula pendula",2
"wet_meadow_016","Caltha palustris",36
"wet_meadow_016","Chelidonium majus",1
"wet_meadow_016","Deschampsia cespitosa",41
"wet_meadow_016","Filipendula ulmaria",17
"wet_meadow_016","Hedera helix",6
"wet_meadow_016","Iris pseudacorus",64
"wet_meadow_016","Mentha aquatica",51
"wet_meadow_016","Ranunculus acris",6
"wet_meadow_016","Taraxacum officinale",17
"wet_meadow_016","Trifolium repens",5
"wet_meadow_016","Urtica dioica",4
"wet_meadow_017","Caltha palustris",26
"wet_meadow_017","Deschampsia cespitosa",59
"wet_meadow_017","Iris pseudacorus",49
"wet_meadow_017","Juncus effusus",25
"wet_meadow_017","Mentha aquatica",50
"wet_meadow_017","Poa pratensis",4
"wet_meadow_017","Ranunculus acris",11
"wet_meadow_017","Urtica dioica",3
"wet_meadow_018","Caltha palustris",46
"wet_meadow_018","Filipendula ulmaria",46
"wet_meadow_018","Galium odoratum",1
"wet_meadow_018","Iris pseudacorus",22
"wet_meadow_018","Lychnis flos-cuculi",33
"wet_meadow_018","Mentha aquatica",37
"wet_meadow_018","Plantago major",11
"wet_meadow_018","Ranunculus acris",14
"wet_meadow_018","Trifolium repens",19
"wet_meadow_019","Caltha palustris",51
"wet_meadow_019","Carex acuta",17
"wet_meadow_019","Chelidonium majus",2
"wet_meadow_019","Deschampsia cespitosa",28
"wet_meadow_019","Filipendula ulmaria",13
"wet_meadow_019","Hedera helix",4
"wet_meadow_019","Iris pseudacorus",24
"wet_meadow_019","Juncus effusus",48
"wet_meadow_019","Leucanthemum vulgare",2
"wet_meadow_019","Lychnis flos-cuculi",50
"wet_meadow_019","Mentha aquatica",57
"wet_meadow_019","Plantago major",23
"wet_meadow_019","Poa pratensis",15
"wet_meadow_019","Ranunculus acris",4
"wet_meadow_019","Trifolium repens",17
"wet_meadow_020","Caltha palustris",11
"wet_meadow_020","Carex acuta",22
"wet_meadow_020","Chelidonium majus",4
"wet_meadow_020","Deschampsia cespitosa",51
"wet_meadow_020","Filipendula ulmaria",35
"wet_meadow_020","Hedera helix",5
"wet_meadow_020","Iris pseudacorus",28
"wet_meadow_020","Juncus effusus",46
"wet_meadow_020","Lychnis flos-cuculi",32
"wet_meadow_020","Ranunculus acris",10
"wet_meadow_020","Trifolium repens",6
"wet_meadow_021","Aegopodium podagraria",2
"wet_meadow_021","Ballota nigra",2
"wet_meadow_021","Caltha palustris",35
"wet_meadow_021","Chelidonium majus",4
"wet_meadow_021","Deschampsia cespitosa",26
"wet_meadow_021","Filipendula ulmaria",46
"wet_meadow_021","Galium aparine",3
"wet_meadow_021","Galium odoratum",3
"wet_meadow_021","Iris pseudacorus",19
"wet_meadow_021","Juncus effusus",49
"wet_meadow_021","Lychnis flos-cuculi",52
"wet_meadow_021","Mentha aquatica",17
"wet_meadow_021","Pinus sylvestris",1
"wet_meadow_021","Poa pratensis",21
"wet_meadow_021","Trifolium repens",9
"wet_meadow_022","Ballota nigra",1
"wet_meadow_022","Caltha palustris",31
"wet_meadow_022","Deschampsia cespitosa",21
"wet_meadow_022","Fagus sylvatica",4
"wet_meadow_022","Filipendula ulmaria",31
"wet_meadow_022","Iris pseudacorus",43
"wet_meadow_022","Juncus effusus",46
"wet_meadow_022","Lychnis flos-cuculi",26
"wet_meadow_022","Mentha aquatica",26
"wet_meadow_022","Poa pratensis",4
"wet_meadow_022","Ranunculus acris",8
"wet_meadow_022","Taraxacum officinale",8
"wet_meadow_022","Trifolium repens",8
"wet_meadow_023","Caltha palustris",36
"wet_meadow_023","Carex acuta",47
"wet_meadow_023","Chelidonium majus",2
"wet_meadow_023","Deschampsia cespitosa",27
"wet_meadow_023","Filipendula ulmaria",19
"wet_meadow_023","Iris pseudacorus",62
"wet_meadow_023","Poa pratensis",15
"wet_meadow_023","Rubus caesius",4
"wet_meadow_023","Trifolium repens",14
"wet_meadow_024","Betula pendula",5
"wet_meadow_024","Caltha palustris",48
"wet_meadow_024","Carex acuta",23
"wet_meadow_024","Deschampsia cespitosa",19
"wet_meadow_024","Filipendula ulmaria",31
"wet_meadow_024","Galium odoratum",4
"wet_meadow_024","Iris pseudacorus",23
"wet_meadow_024","Mentha aquatica",22
"wet_meadow_024","Vicia cracca",2
"wet_meadow_025","Achillea millefolium",5
"wet_meadow_025","Caltha palustris",23
"wet_meadow_025","Carex acuta",54
"wet_meadow_025","Deschampsia cespitosa",41
"wet_meadow_025","Hedera helix",3
"wet_meadow_025","Juncus effusus",44
"wet_meadow_025","Leucanthemum vulgare",2
"wet_meadow_025","Lychnis flos-cuculi",40
"wet_meadow_025","Melica uniflora",4
"wet_meadow_025","Mentha aquatica",13
"wet_meadow_025","Poa pratensis",10
"wet_meadow_025","Ranunculus acris",11
"wet_meadow_025","Trifolium repens",12
"wet_meadow_026","Aegopodium podagraria",3
"wet_meadow_026","Caltha palustris",34
"wet_meadow_026","Iris pseudacorus",22
"wet_meadow_026","Juncus effusus",28
"wet_meadow_026","Lychnis flos-cuculi",29
"wet_meadow_026","Poa pratensis",9
"wet_meadow_026","Quercus robur",2
"wet_meadow_026","Taraxacum officinale",17
"wet_meadow_027","Betula pendula",3
"wet_meadow_027","Caltha palustris",17
"wet_meadow_027","Carex acuta",45
"wet_meadow_027","Deschampsia cespitosa",31
"wet_meadow_027","Filipendula ulmaria",14
"wet_meadow_027","Iris pseudacorus",43
"wet_meadow_027","Juncus effusus",38
"wet_meadow_027","Lychnis flos-cuculi",13
"wet_meadow_027","Plantago major",12
"wet_meadow_027","Poa pratensis",22
"wet_meadow_027","Ranunculus acris",22
"wet_meadow_027","Rumex acetosa",4
"wet_meadow_028","Carex acuta",52
"wet_meadow_028","Deschampsia cespitosa",24
"wet_meadow_028","Filipendula ulmaria",38
"wet_meadow_028","Iris pseudacorus",39
"wet_meadow_028","Juncus effusus",12
"wet_meadow_028","Mentha aquatica",58
"wet_meadow_028","Quercus robur",1
"wet_meadow_029","Artemisia vulgaris",1
"wet_meadow_029","Ballota nigra",1
"wet_meadow_029","Caltha palustris",48
"wet_meadow_029","Carex acuta",23
"wet_meadow_029","Deschampsia cespitosa",40
"wet_meadow_029","Festuca ovina",3
"wet_meadow_029","Galium aparine",2
"wet_meadow_029","Iris pseudacorus",44
"wet_meadow_029","Juncus effusus",33
"wet_meadow_029","Lychnis flos-cuculi",37
"wet_meadow_029","Melica uniflora",2
"wet_meadow_029","Ranunculus acris",5
"wet_meadow_029","Sambucus nigra",4
"wet_meadow_029","Trifolium repens",9
"wet_meadow_030","Caltha palustris",36
"wet_meadow_030","Carex acuta",40
"wet_meadow_030","Deschampsia cespitosa",27
"wet_meadow_030","Filipendula ulmaria",34
"wet_meadow_030","Iris pseudacorus",53
"wet_meadow_030","Juncus effusus",23
"wet_meadow_030","Lychnis flos-cuculi",38
"wet_meadow_030","Plantago major",20
"wet_meadow_030","Taraxacum officinale",4
"wet_meadow_030","Trifolium repens",24
"wet_meadow_030","Vicia cracca",2
"woodland_001","Artemisia vulgaris",5
"woodland_001","Dryopteris filix-mas",21
"woodland_001","Fagus sylvatica",44
"woodland_001","Filipendula ulmaria",3
"woodland_001","Galium odoratum",22
"woodland_001","Hedera helix",29
"woodland_001","Melica uniflora",32
"woodland_001","Mercurialis perennis",38
"woodland_001","Plantago major",6
"woodland_001","Quercus robur",24
"woodland_001","Taraxacum officinale",9
"woodland_002","Caltha palustris",1
"woodland_002","Dryopteris filix-mas",19
"woodland_002","Fagus sylvatica",9
"woodland_002","Galium odoratum",46
"woodland_002","Hedera helix",32
"woodland_002","Leucanthemum vulgare",3
"woodland_002","Mercurialis perennis",20
"woodland_002","Plantago major",13
"woodland_002","Prunella vulgaris",2
"woodland_002","Quercus robur",37
"woodland_002","Ranunculus acris",12
"woodland_003","Anemone nemorosa",29
"woodland_003","Dryopteris filix-mas",53
"woodland_003","Fagus sylvatica",36
"woodland_003","Galium odoratum",46
"woodland_003","Hedera helix",28
"woodland_003","Melica uniflora",38
"woodland_003","Mercurialis perennis",44
"woodland_003","Poa pratensis",6
"woodland_003","Quercus robur",40
"woodland_003","Salvia pratensis",2
"woodland_004","Anemone nemorosa",14
"woodland_004","Dryopteris filix-mas",32
"woodland_004","Fagus sylvatica",29
"woodland_004","Galium odoratum",22
"woodland_004","Galium verum",2
"woodland_004","Hedera helix",41
"woodland_004","Melica uniflora",10
"woodland_004","Mercurialis perennis",10
"woodland_004","Quercus robur",30
"woodland_004","Veronica chamaedrys",2
"woodland_005","Ballota nigra",2
"woodland_005","Carex acuta",2
"woodland_005","Chelidonium majus",1
"woodland_005","Dryopteris filix-mas",12
"woodland_005","Fagus sylvatica",26
"woodland_005","Hedera helix",32
"woodland_005","Melica uniflora",35
"woodland_005","Mercurialis perennis",18
"woodland_005","Quercus robur",30
"woodland_005","Ranunculus acris",2
"woodland_005","Taraxacum officinale",5
"woodland_006","Achillea millefolium",4
"woodland_006","Anemone nemorosa",45
"woodland_006","Dryopteris filix-mas",33
"woodland_006","Fagus sylvatica",28
"woodland_006","Festuca ovina",2
"woodland_006","Galium odoratum",57
"woodland_006","Hedera helix",11
"woodland_006","Mentha aquatica",4
"woodland_006","Plantago major",6
"woodland_006","Prunella vulgaris",3
"woodland_006","Quercus robur",40
"woodland_006","Veronica chamaedrys",3
"woodland_007","Anemone nemorosa",44
"woodland_007","Dryopteris filix-mas",64
"woodland_007","Fagus sylvatica",29
"woodland_007","Galium odoratum",25
"woodland_007","Hedera helix",28
"woodland_007","Lotus corniculatus",5
"woodland_007","Melica uniflora",28
"woodland_007","Mentha aquatica",5
"woodland_007","Mercurialis perennis",28
"woodland_007","Prunella vulgaris",3
"woodland_007","Quercus robur",29
"woodland_007","Rumex acetosa",3
"woodland_007","Thymus serpyllum",2
"woodland_008","Anemone nemorosa",25
"woodland_008","Dryopteris filix-mas",30
"woodland_008","Fagus sylvatica",30
"woodland_008","Galium odoratum",42
"woodland_008","Melica uniflora",34
"woodland_008","Mercurialis perennis",36
"woodland_008","Poa pratensis",5
"woodland_008","Quercus robur",30
"woodland_008","Taraxacum officinale",19
"woodland_009","Anemone nemorosa",62
"woodland_009","Ballota nigra",1
"woodland_009","Bromus erectus",2
"woodland_009","Dactylis glomerata",4
"woodland_009","Dryopteris filix-mas",42
"woodland_009","Fagus sylvatica",16
"woodland_009","Galium odoratum",64
"woodland_009","Hedera helix",43
"woodland_009","Melica uniflora",18
"woodland_009","Mercurialis perennis",18
"woodland_009","Plantago major",4
"woodland_009","Quercus robur",32
"woodland_009","Sambucus nigra",6
"woodland_009","Taraxacum officinale",7
"woodland_009","Trifolium repens",8
"woodland_010","Achillea millefolium",2
"woodland_010","Anemone nemorosa",48
"woodland_010","Ballota nigra",4
"woodland_010","Deschampsia cespitosa",4
"woodland_010","Fagus sylvatica",38
"woodland_010","Galium odoratum",36
"woodland_010","Hedera helix",42
"woodland_010","Melica uniflora",44
"woodland_010","Mercurialis perennis",22
"woodland_010","Plantago lanceolata",2
"woodland_010","Poa pratensis",5
"woodland_010","Prunella vulgaris",2
"woodland_010","Quercus robur",26
"woodland_010","Trifolium repens",14
"woodland_010","Veronica chamaedrys",1
"woodland_011","Achillea millefolium",2
"woodland_011","Anemone nemorosa",21
"woodland_011","Dryopteris filix-mas",43
"woodland_011","Fagus sylvatica",53
"woodland_011","Galium odoratum",20
"woodland_011","Hedera helix",65
"woodland_011","Melica uniflora",29
"woodland_011","Mercurialis perennis",34
"woodland_011","Plantago major",5
"woodland_011","Quercus robur",32
"woodland_011","Ranunculus acris",8
"woodland_012","Anemone nemorosa",40
"woodland_012","Dryopteris filix-mas",20
"woodland_012","Fagus sylvatica",39
"woodland_012","Festuca ovina",1
"woodland_012","Galium odoratum",21
"woodland_012","Galium verum",2
"woodland_012","Hedera helix",12
"woodland_012","Hypericum perforatum",4
"woodland_012","Melica uniflora",41
"woodland_012","Plantago major",11
"woodland_012","Poa pratensis",17
"woodland_012","Rubus caesius",2
"woodland_013","Anemone nemorosa",48
"woodland_013","Carex acuta",8
"woodland_013","Chelidonium majus",4
"woodland_013","Dryopteris filix-mas",19
"woodland_013","Fagus sylvatica",26
"woodland_013","Hedera helix",54
"woodland_013","Juncus effusus",3
"woodland_013","Melica uniflora",25
"woodland_013","Mercurialis perennis",20
"woodland_013","Poa pratensis",13
"woodland_013","Quercus robur",43
"woodland_013","Ranunculus acris",8
"woodland_013","Rumex acetosa",2
"woodland_014","Anemone nemorosa",14
"woodland_014","Dryopteris filix-mas",11
"woodland_014","Fagus sylvatica",18
"woodland_014","Galium odoratum",39
"woodland_014","Hedera helix",13
"woodland_014","Leucanthemum vulgare",3
"woodland_014","Mercurialis perennis",37
"woodland_014","Plantago major",4
"woodland_014","Ranunculus acris",7
"woodland_014","Trifolium repens",10
"woodland_015","Ballota nigra",2
"woodland_015","Dryopteris filix-mas",21
"woodland_015","Fagus sylvatica",47
"woodland_015","Galium odoratum",25
"woodland_015","Hedera helix",49
"woodland_015","Hypericum perforatum",3
"woodland_015","Melica uniflora",23
"woodland_015","Mercurialis perennis",34
"woodland_015","Quercus robur",25
"woodland_015","Trifolium repens",16
"woodland_016","Anemone nemorosa",24
"woodland_016","Dryopteris filix-mas",36
"woodland_016","Galium odoratum",34
"woodland_016","Hedera helix",17
"woodland_016","Lotus corniculatus",2
"woodland_016","Melica uniflora",13
"woodland_016","Mercurialis perennis",64
"woodland_016","Plantago major",6
"woodland_016","Prunella vulgaris",1
"woodland_016","Quercus robur",36
"woodland_016","Sambucus nigra",1
"woodland_016","Taraxacum officinale",16
"woodland_016","Trifolium repens",2
"woodland_017","Anemone nemorosa",22
"woodland_017","Deschampsia cespitosa",2
"woodland_017","Dryopteris filix-mas",26
"woodland_017","Fagus sylvatica",9
"woodland_017","Galium odoratum",45
"woodland_017","Hedera helix",30
"woodland_017","Leucanthemum vulgare",4
"woodland_017","Lychnis flos-cuculi",2
"woodland_017","Melica uniflora",20
"woodland_017","Mercurialis perennis",28
"woodland_017","Plantago major",10
"woodland_017","Poa pratensis",10
"woodland_017","Quercus robur",14
"woodland_017","Rubus caesius",5
"woodland_018","Aegopodium podagraria",1
"woodland_018","Dryopteris filix-mas",29
"woodland_018","Fagus sylvatica",16
"woodland_018","Galium odoratum",17
"woodland_018","Lotus corniculatus",3
"woodland_018","Melica uniflora",64
"woodland_018","Poa pratensis",6
"woodland_018","Quercus robur",25
"woodland_018","Thymus serpyllum",1
"woodland_019","Anemone nemorosa",25
"woodland_019","Carex acuta",3
"woodland_019","Dryopteris filix-mas",12
"woodland_019","Fagus sylvatica",42
"woodland_019","Galium odoratum",22
"woodland_019","Hedera helix",32
"woodland_019","Melica uniflora",13
"woodland_019","Mercurialis perennis",52
"woodland_019","Plantago major",5
"woodland_019","Poa pratensis",9
"woodland_019","Quercus robur",15
"woodland_019","Ranunculus acris",10
"woodland_019","Trifolium repens",5
"woodland_019","Urtica dioica",2
"woodland_020","Anemone nemorosa",66
"woodland_020","Dryopteris filix-mas",34
"woodland_020","Fagus sylvatica",25
"woodland_020","Galium odoratum",17
"woodland_020","Hedera helix",24
"woodland_020","Melica uniflora",38
"woodland_020","Mercurialis perennis",38
"woodland_020","Quercus robur",59
"woodland_020","Ranunculus acris",7
"woodland_021","Anemone nemorosa",18
"woodland_021","Chelidonium majus",4
"woodland_021","Dryopteris filix-mas",26
"woodland_021","Fagus sylvatica",36
"woodland_021","Hedera helix",23
"woodland_021","Melica uniflora",21
"woodland_021","Mercurialis perennis",26
"woodland_021","Plantago major",14
"woodland_021","Ranunculus acris",4
"woodland_021","Rubus caesius",5
"woodland_022","Anemone nemorosa",17
"woodland_022","Dryopteris filix-mas",20
"woodland_022","Fagus sylvatica",22
"woodland_022","Festuca ovina",1
"woodland_022","Galium odoratum",30
"woodland_022","Hedera helix",16
"woodland_022","Juncus effusus",2
"woodland_022","Melica uniflora",19
"woodland_022","Mercurialis perennis",29
"woodland_022","Plantago major",14
"woodland_022","Quercus robur",44
"woodland_022","Rubus caesius",2
"woodland_022","Trifolium repens",2
"woodland_023","Anemone nemorosa",8
"woodland_023","Chelidonium majus",1
"woodland_023","Dryopteris filix-mas",16
"woodland_023","Fagus sylvatica",35
"woodland_023","Galium odoratum",68
"woodland_023","Hedera helix",27
"woodland_023","Melica uniflora",43
"woodland_023","Mercurialis perennis",10
"woodland_023","Pinus sylvestris",6
"woodland_023","Plantago major",6
"woodland_023","Quercus robur",46
"woodland_023","Ranunculus acris",13
"woodland_024","Anemone nemorosa",44
"woodland_024","Dryopteris filix-mas",43
"woodland_024","Galium odoratum",47
"woodland_024","Hedera helix",20
"woodland_024","Juncus effusus",2
"woodland_024","Melica uniflora",29
"woodland_024","Mercurialis perennis",34
"woodland_024","Plantago major",7
"woodland_024","Poa pratensis",15
"woodland_024","Prunella vulgaris",7
"woodland_024","Quercus robur",37
"woodland_024","Ranunculus acris",29
"woodland_025","Chelidonium majus",2
"woodland_025","Dactylis glomerata",3
"woodland_025","Dryopteris filix-mas",10
"woodland_025","Fagus sylvatica",8
"woodland_025","Galium odoratum",40
"woodland_025","Hedera helix",33
"woodland_025","Melica uniflora",29
"woodland_025","Mercurialis perennis",40
"woodland_025","Pinus sylvestris",2
"woodland_025","Quercus robur",36
"woodland_025","Ranunculus acris",14
"woodland_025","Sambucus nigra",1
"woodland_025","Trifolium repens",18
"woodland_026","Anemone nemorosa",36
"woodland_026","Chelidonium majus",4
"woodland_026","Deschampsia cespitosa",2
"woodland_026","Dryopteris filix-mas",26
"woodland_026","Hedera helix",27
"woodland_026","Juncus effusus",3
"woodland_026","Melica uniflora",51
"woodland_026","Poa pratensis",10
"woodland_026","Quercus robur",12
"woodland_026","Ranunculus acris",9
"woodland_026","Taraxacum officinale",10
"woodland_026","Trifolium repens",5
"woodland_027","Achillea millefolium",3
"woodland_027","Anemone nemorosa",31
"woodland_027","Bromus erectus",1
"woodland_027","Caltha palustris",1
"woodland_027","Dactylis glomerata",6
"woodland_027","Fagus sylvatica",35
"woodland_027","Galium odoratum",29
"woodland_027","Hedera helix",30
"woodland_027","Hypericum perforatum",1
"woodland_027","Juncus effusus",1
"woodland_027","Leucanthemum vulgare",2
"woodland_027","Melica uniflora",31
"woodland_027","Mercurialis perennis",13
"woodland_027","Plantago lanceolata",2
"woodland_027","Quercus robur",21
"woodland_027","Ranunculus acris",17
"woodland_027","Salvia pratensis",1
"woodland_027","Trifolium repens",6
"woodland_028","Anemone nemorosa",37
"woodland_028","Dryopteris filix-mas",22
"woodland_028","Galium aparine",2
"woodland_028","Galium odoratum",35
"woodland_028","Lotus corniculatus",3
"woodland_028","Melica uniflora",16
"woodland_028","Mercurialis perennis",38
"woodland_028","Plantago major",14
"woodland_028","Quercus robur",27
"woodland_028","Salvia pratensis",3
"woodland_028","Trifolium repens",14
"woodland_029","Anemone nemorosa",23
"woodland_029","Artemisia vulgaris",6
"woodland_029","Dryopteris filix-mas",10
"woodland_029","Fagus sylvatica",45
"woodland_029","Galium odoratum",28
"woodland_029","Hedera helix",44
"woodland_029","Melica uniflora",34
"woodland_029","Mercurialis perennis",45
"woodland_029","Quercus robur",47
"woodland_029","Trifolium repens",12
"woodland_029","Urtica dioica",1
"woodland_030","Caltha palustris",3
"woodland_030","Chelidonium majus",2
"woodland_030","Dryopteris filix-mas",46
"woodland_030","Fagus sylvatica",39
"woodland_030","Galium odoratum",58
"woodland_030","Hedera helix",39
"woodland_030","Melica uniflora",48
"woodland_030","Mercurialis perennis",37
"woodland_030","Poa pratensis",26
"woodland_030","Quercus robur",20
"woodland_030","Urtica dioica",5
"woodland_030","Vicia cracca",1
